obstime,stnpres,seapres,stnpresmax,stnpresmaxtime,stnpresmin,stnpresmintime,temperature,tmax,tmaxtime,tmin,tmintime,tddewpoint,ws,wd,wsgust,wdgust,wgusttime,precp,precphour,precpday,precpmax10,precpmax10time,precphrmax,precphrmaxtime,precp1daymax,precp1daymaxtime,rh,evapa,sunshine,globlrad,uvimaxmean,uvimax,uvimaxtime,cloudamount,year
1,1018.6,1019,1027.3,2010-01-14 08:35,1012.3,2010-01-04 14:51,19.9,28.6,2010-01-31 13:13,10.9,2010-01-13 03:22,14.5,1.9,350,11.6,330,2010-01-25 14:49,1.5,3.4000001,2,.5,2010-01-08 11:05,.5,2010-01-08 10:40,1,2010-01-03 00:00,72,83.699997,199.8,373.23999,5,7,2010-01-31 13:00,3.5,2010
2,1015.5,1015.9,1021.5,2010-02-18 11:24,1009.8,2010-02-26 14:59,21.5,30.5,2010-02-11 14:21,12,2010-02-19 05:18,16.700001,1.9,350,11.2,300,2010-02-07 14:23,10.5,11,3,2,2010-02-16 00:05,2.5,2010-02-19 12:40,4,2010-02-19 00:00,74,81.599998,184.3,350.56,5,8,2010-02-11 13:00,4.5,2010
3,1015.6,1016,1025,2010-03-10 09:17,1007.6,2010-03-23 15:41,23.700001,31.9,2010-03-14 13:11,12.7,2010-03-10 07:54,17.700001,1.8,310,12.9,340,2010-03-25 11:24,1,1.4,1,1,2010-03-09 13:26,1,2010-03-09 13:26,1,2010-03-09 00:00,69,119.7,226.60001,485.85999,6,9,2010-03-14 13:00,4.0999999,2010
4,1013.7,1014.1,1020,2010-04-17 10:27,1007.5,2010-04-11 15:49,24.9,32.900002,2010-04-21 13:35,17.4,2010-04-16 04:08,19.799999,2.0999999,310,11.8,130,2010-04-11 11:05,48,25.1,7,3.5,2010-04-23 09:06,8,2010-04-23 08:24,19.5,2010-04-23 00:00,74,114.4,187.60001,459.54001,6,10,2010-04-20 12:00,5.5,2010
5,1008.8,1009.2,1016.5,2010-05-01 09:33,1002.2,2010-05-23 13:28,27.799999,33.299999,2010-05-27 12:10,21.200001,2010-05-01 03:47,22.799999,2.0999999,310,18,270,2010-05-23 13:49,188,38.299999,7,14.5,2010-05-23 13:22,41,2010-05-23 13:22,88.5,2010-05-30 00:00,75,142.39999,238.60001,592.29999,8,11,2010-05-27 12:00,5.1999998,2010
6,1008.4,1008.8,1011.2,2010-06-22 22:02,1003,2010-06-25 04:34,28.299999,33.200001,2010-06-30 12:58,23.799999,2010-06-04 01:48,24.200001,1.8,170,14.4,340,2010-06-15 14:16,257,44.099998,11,11.5,2010-06-13 18:26,21,2010-06-11 09:21,62,2010-06-13 00:00,79,120.8,186.10001,518.64001,8,11,2010-06-27 13:00,6.3000002,2010
7,1009,1009.3,1012.6,2010-07-17 21:58,1005.5,2010-07-25 16:16,29.5,35.900002,2010-07-15 14:36,24.200001,2010-07-27 07:20,24.6,2,310,14.7,230,2010-07-27 07:11,437,64.800003,10,20,2010-07-28 08:02,52,2010-07-27 01:47,129,2010-07-27 00:00,76,152.3,230.5,568.98999,9,11,2010-07-13 13:00,5.5999999,2010
8,1007.9,1008.2,1014.2,2010-08-19 08:50,999.70001,2010-08-31 22:46,29.4,34.400002,2010-08-01 12:23,25.299999,2010-08-26 04:29,25,1.8,290,13.7,160,2010-08-31 23:53,164.7,36,17,9.5,2010-08-10 12:04,26,2010-08-10 11:26,67,2010-08-10 00:00,78,140.3,216.39999,546.12,9,12,2010-08-11 12:00,5.4000001,2010
9,1008.6,1009,1014.6,2010-09-26 09:52,989,2010-09-19 14:47,28.299999,34.799999,2010-09-03 13:49,23,2010-09-20 06:13,24.5,2.8,160,29.5,210,2010-09-19 16:29,853,102.3,12,14.5,2010-09-19 15:44,53.5,2010-09-19 18:50,426.5,2010-09-19 00:00,80,104.8,169.8,422.14999,7,10,2010-09-11 13:00,5.6999998,2010
10,1010.3,1010.7,1019,2010-10-31 08:33,997.90002,2010-10-22 05:18,27,32.5,2010-10-12 11:47,19,2010-10-31 05:35,22.4,1.9,350,20.299999,150,2010-10-22 15:08,175.5,38.599998,9,15,2010-10-07 18:32,42,2010-10-08 15:01,71.5,2010-10-08 00:00,76,102.6,177.39999,402.85001,6,8,2010-10-09 13:00,5.1999998,2010
11,1014.8,1015.2,1019.5,2010-11-10 09:00,1007.3,2010-11-22 14:08,23.700001,29.5,2010-11-22 12:31,18.799999,2010-11-26 04:57,18.799999,1.9,350,9.1000004,30,2010-11-25 05:08,13,16.5,2,1,2010-11-13 15:55,3,2010-11-13 16:40,12.5,2010-11-13 00:00,74,84.300003,172.8,349.66,4,6,2010-11-06 12:00,4.9000001,2010
12,1014.3,1014.7,1019.5,2010-12-18 08:43,1009,2010-12-13 14:50,20.9,29.5,2010-12-06 13:27,11.3,2010-12-27 05:48,14.3,2,350,16.6,350,2010-12-26 06:12,11.5,8.6999998,1,1.5,2010-12-16 12:45,3,2010-12-16 12:28,11.5,2010-12-16 00:00,67,96.699997,188.5,342.98001,4,5,2010-12-06 13:00,4.0999999,2010
1,1018.4,1018.8,1024.9,2011-01-30 09:25,1011.7,2011-01-14 15:24,17.5,25,2011-01-19 14:11,11.3,2011-01-16 03:40,12.3,2.4000001,350,13.9,340,2011-01-15 07:51,7.6999998,19.799999,5,.5,2011-01-21 10:33,1.5,2011-01-11 21:10,4.5,2011-01-11 00:00,72,70.900002,130.2,320.41,4,6,2011-01-28 12:00,6.3000002,2011
2,1015.3,1015.7,1022.3,2011-02-01 08:04,1005.6,2011-02-08 15:29,20.1,29.5,2011-02-28 13:54,11.8,2011-02-15 01:23,14.8,2.0999999,350,10.6,350,2011-02-13 21:55,3.5,4.4000001,2,.5,2011-02-14 02:02,1.5,2011-02-14 09:37,2.5,2011-02-14 00:00,72,85.599998,212.8,421.79001,6,7,2011-02-27 13:00,2.9000001,2011
3,1017.1,1017.5,1022.8,2011-03-17 09:54,1009.9,2011-03-20 14:54,21.4,30.200001,2011-03-20 13:16,13.8,2011-03-28 03:58,15.2,2,350,10.6,340,2011-03-07 08:00,8,8.3999996,4,.60000002,2011-03-28 00:15,1.8,2011-03-28 00:05,6,2011-03-28 00:00,68,111.6,140.2,426.13,6,10,2011-03-20 13:00,6.5,2011
4,1013.6,1014,1020.2,2011-04-10 09:00,1006.3,2011-04-18 02:29,24.6,31,2011-04-30 13:15,17.700001,2011-04-05 02:44,18.4,1.9,310,12.4,290,2011-04-08 13:35,29.5,6.3000002,3,7.5,2011-04-17 23:03,19.5,2011-04-17 22:22,23.5,2011-04-17 00:00,69,123.1,195.3,521.90002,7,10,2011-04-15 12:00,5.0999999,2011
5,1009,1009.4,1015.3,2011-05-15 10:20,997.29999,2011-05-28 03:24,27.200001,32.900002,2011-05-08 11:12,21.200001,2011-05-17 18:12,22.299999,1.9,320,13.9,320,2011-05-10 14:13,106,40.799999,7,5,2011-05-23 13:10,10.5,2011-05-17 10:42,56,2011-05-17 00:00,75,123.4,186.8,507.82001,8,11,2011-05-04 13:00,5.1999998,2011
6,1006.9,1007.3,1011.5,2011-06-05 11:20,993.59998,2011-06-24 17:16,29.299999,35.799999,2011-06-09 12:52,23.5,2011-06-28 08:05,24.5,2.5,150,14.9,150,2011-06-09 19:33,392,48.599998,9,20,2011-06-27 20:27,72,2011-06-27 20:01,181.5,2011-06-28 00:00,76,154.60001,240.89999,572.53998,8,11,2011-06-08 12:00,5.3000002,2011
7,1005.9,1006.3,1011.4,2011-07-01 08:00,998.90002,2011-07-18 16:40,28.700001,33.900002,2011-07-27 14:13,24.5,2011-07-16 20:38,24.700001,2,310,14.4,220,2011-07-20 04:49,543,85,14,19,2011-07-10 02:12,50.5,2011-07-10 02:01,106.5,2011-07-20 00:00,80,145.10001,211.89999,541.40002,9,11,2011-07-12 13:00,5.9000001,2011
8,1005.8,1006.2,1013.3,2011-08-15 09:35,987.70001,2011-08-29 02:51,29.5,34,2011-08-21 12:23,25,2011-08-30 23:05,24.799999,2.5999999,170,21.4,250,2011-08-29 15:44,367.5,73,10,16.5,2011-08-07 10:12,39.5,2011-08-29 11:53,172.5,2011-08-29 00:00,76,147.5,235.60001,549.44,8,11,2011-08-08 13:00,5.5999999,2011
9,1007.9,1008.3,1012.9,2011-09-09 22:13,1001.2,2011-09-01 03:32,28.700001,33.700001,2011-09-29 13:03,25.1,2011-09-13 06:04,23.9,1.6,310,9.1000004,300,2011-09-30 13:26,71.5,9.3000002,8,14.5,2011-09-30 18:26,39.5,2011-09-30 18:15,40.5,2011-09-30 00:00,75,133.60001,192,495.29001,7,10,2011-09-11 12:00,5.5,2011
10,1012.4,1012.8,1017.2,2011-10-27 08:46,1004.8,2011-10-02 04:46,27,32.299999,2011-10-10 10:40,22.799999,2011-10-28 06:04,22.4,1.4,310,7.8000002,310,2011-10-20 14:15,55,48.599998,7,2,2011-10-11 05:58,5,2011-10-10 22:28,19,2011-10-14 00:00,77,98.5,167.39999,398.78,5,8,2011-10-04 13:00,5.1999998,2011
11,1014,1014.3,1021.6,2011-11-21 08:31,1004.9,2011-11-10 03:15,25.200001,31.4,2011-11-19 13:20,19.799999,2011-11-28 06:29,21.1,1.5,310,10.7,160,2011-11-18 10:27,172.5,79.599998,10,9.5,2011-11-10 21:59,26.5,2011-11-10 06:01,118.5,2011-11-10 00:00,79,64.900002,130.2,293.17001,4,7,2011-11-19 12:00,6.3000002,2011
12,1017.8,1018.2,1024.6,2011-12-27 08:54,1010.5,2011-12-01 14:51,20.1,28.700001,2011-12-07 13:07,13.6,2011-12-24 06:33,15.5,1.8,350,11.9,20,2011-12-03 02:25,40.5,31.700001,6,3.5,2011-12-12 17:18,11,2011-12-12 17:03,24,2011-12-12 00:00,76,58.700001,93.400002,263.82999,4,5,2011-12-06 13:00,6.6999998,2011
1,1017.1,1017.5,1023.6,2012-01-05 09:21,1007.2,2012-01-15 15:52,19.299999,28.299999,2012-01-19 12:53,13.3,2012-01-05 01:15,14.6,2,350,13.3,350,2012-01-16 04:48,,1.8,0,,2012-01-05 17:35,,2012-01-05 17:35,-9.8000002,2012-01-05 00:00,75,71.199997,177.10001,350.03,5,7,2012-01-29 13:00,4.8000002,2012
2,1015.5,1015.9,1022.3,2012-02-03 08:45,1007.9,2012-02-23 15:11,20.1,29.700001,2012-02-15 12:49,12.7,2012-02-09 02:37,15.5,2,350,15.3,340,2012-02-28 11:36,,40.5,7,,2012-02-05 20:02,,2012-02-21 11:26,17,2012-02-21 00:00,76,74.199997,165,363.42999,6,8,2012-02-23 13:00,5.6999998,2012
3,1014.6,1015,1022.3,2012-03-27 09:48,1007.3,2012-03-07 16:58,23.6,32.299999,2012-03-23 12:45,15.4,2012-03-11 22:56,18,2,350,11.8,350,2012-03-24 02:27,,8.3999996,2,,2012-03-12 08:49,,2012-03-12 08:55,6,2012-03-12 00:00,71,122,216.3,489.51001,7,10,2012-03-23 13:00,4.5,2012
4,1011.8,1012.2,1019.4,2012-04-01 09:21,1006.6,2012-04-25 15:36,26.6,33,2012-04-15 13:49,21.1,2012-04-02 04:10,22.200001,1.6,310,13.7,290,2012-04-28 14:14,,31.200001,10,,2012-04-26 09:42,,2012-04-26 09:20,28,2012-04-26 00:00,77,112.1,174.7,454.09,7,9,2012-04-12 12:00,6.1999998,2012
5,1008,1008.4,1012.5,2012-05-18 21:43,1004,2012-05-20 17:01,28,34,2012-05-31 12:51,23.299999,2012-05-05 04:56,23.799999,1.6,310,9.3000002,180,2012-05-17 10:13,,65.900002,15,,2012-05-20 11:44,,2012-05-19 21:16,75,2012-05-19 00:00,79,128.10001,231.8,539.90997,8,11,2012-05-27 12:00,5.0999999,2012
6,1004.1,1004.4,1010.7,2012-06-30 22:35,997.59998,2012-06-20 04:42,28.5,34.400002,2012-06-30 13:47,23.799999,2012-06-21 00:50,25.1,2.4000001,170,22.4,170,2012-06-20 07:50,,127.2,19,,2012-06-12 07:40,,2012-06-10 11:20,152.5,2012-06-12 00:00,83,119.2,164.5,432.89999,8,11,2012-06-16 12:00,6.9000001,2012
7,1005.6,1005.9,1011.4,2012-07-01 21:45,989.5,2012-07-31 17:40,29.5,36.400002,2012-07-23 11:41,25.200001,2012-07-23 04:39,25,1.8,300,16.700001,170,2012-07-21 15:08,,33.700001,14,,2012-07-15 06:40,,2012-07-25 17:38,12.5,2012-07-15 00:00,77,138.39999,230.3,561.47998,9,11,2012-07-05 12:00,5.3000002,2012
8,1002.9,1003.3,1011.4,2012-08-17 21:02,986,2012-08-01 15:40,28.1,34.099998,2012-08-23 13:50,22.9,2012-08-10 05:11,24.9,2.0999999,310,24.5,310,2012-08-02 04:26,,110.6,22,,2012-08-09 21:18,,2012-08-07 10:43,155,2012-08-09 00:00,83,90.800003,135.7,408.56,7,10,2012-08-22 13:00,6.6999998,2012
9,1009,1009.4,1014.5,2012-09-06 23:02,1000.2,2012-09-28 14:21,28.700001,33.599998,2012-09-14 14:41,24,2012-09-02 03:25,23.200001,1.7,310,12,330,2012-09-28 18:04,,5.6999998,3,,2012-09-14 16:33,,2012-09-14 16:05,33,2012-09-14 00:00,73,143.7,218.8,513.96002,8,9,2012-09-02 12:00,4.5999999,2012
10,1012.8,1013.2,1019,2012-10-21 08:55,1007.1,2012-10-03 14:44,26.6,31.1,2012-10-17 13:16,21.700001,2012-10-31 23:46,20.5,1.6,270,8.8000002,320,2012-10-22 14:54,,7.1999998,1,,2012-10-31 23:26,,2012-10-31 22:36,.69999999,2012-10-31 00:00,69,130.5,211.89999,465.64999,6,7,2012-10-13 12:00,4.5,2012
11,1014.7,1015.1,1019.2,2012-11-16 09:00,1010.2,2012-11-22 14:59,24.9,32.099998,2012-11-11 12:08,20,2012-11-27 06:19,20,1.4,310,10.2,350,2012-11-23 15:19,,22.1,5,,2012-11-17 05:13,,2012-11-17 05:10,39.5,2012-11-17 00:00,75,81.599998,168.60001,329.76999,4,6,2012-11-22 12:00,5.0999999,2012
12,1016.5,1016.9,1023,2012-12-24 09:39,1010.4,2012-12-02 14:47,21.1,29.6,2012-12-16 13:07,11,2012-12-31 03:42,16.200001,2,350,17.700001,10,2012-12-30 08:07,,19.9,4,,2012-12-30 04:26,,2012-12-30 04:03,9,2012-12-05 00:00,74,72.699997,160.7,302.81,4,6,2012-12-02 13:00,5.3000002,2012
1,1018.2,1018.6,1026.7,2013-01-18 09:00,1007.3,2013-01-13 14:47,19.700001,27.9,2013-01-21 13:30,12.1,2013-01-18 06:49,14.2,2.2,350,17.299999,340,2013-01-13 18:59,,.60000002,0,,2013-01-02 22:25,,2013-01-02 22:25,-9.8000002,2013-01-02 00:00,71,82.599998,173,342.94,5,5,2013-01-05 12:00,4.5,2013
2,1017,1017.4,1022.7,2013-02-23 09:43,1010.8,2013-02-18 15:20,22.299999,30.1,2013-02-27 12:25,15.7,2013-02-09 06:45,17.200001,2.0999999,360,10.9,330,2013-02-27 15:04,,.1,0,,2013-02-02 01:35,,2013-02-02 01:35,-9.8000002,2013-02-02 00:00,73,105,207.10001,411.01001,7,9,2013-02-18 13:00,3.8,2013
3,1014.9,1015.3,1023.4,2013-03-05 09:43,1007.9,2013-03-24 05:03,23.9,31.1,2013-03-23 13:59,16.1,2013-03-03 02:50,18.1,2,310,17.4,330,2013-03-27 01:33,,8.8000002,5,,2013-03-27 01:44,,2013-03-31 06:31,13,2013-03-31 00:00,71,124,220.89999,489.76999,7,9,2013-03-24 12:00,4.3000002,2013
4,1011.8,1012.2,1018.3,2013-04-12 09:36,1002.3,2013-04-06 03:13,25.1,31,2013-04-25 16:28,17.200001,2013-04-07 05:10,20.5,1.7,310,14.7,280,2013-04-06 00:48,,35.700001,8,,2013-04-06 01:01,,2013-04-06 00:32,51.5,2013-04-06 00:00,76,104.9,130.3,386.89999,6,12,2013-04-20 12:00,6.9000001,2013
5,1009.5,1009.9,1015.7,2013-05-05 09:50,1004.8,2013-05-20 16:40,27.6,32.799999,2013-05-30 13:43,21.6,2013-05-02 18:26,24.1,1.6,310,13.9,290,2013-05-01 04:35,,61.400002,14,,2013-05-18 09:42,,2013-05-18 09:21,183.5,2013-05-18 00:00,82,116.2,173.60001,464.85001,9,12,2013-05-09 13:00,6.5999999,2013
6,1006.9,1007.2,1012,2013-06-05 07:46,1000.1,2013-06-19 16:00,29.799999,34.5,2013-06-30 12:21,25.5,2013-06-23 22:07,25.200001,1.9,310,16.799999,160,2013-06-21 15:14,,27.799999,9,,2013-06-23 21:21,,2013-06-23 21:15,31,2013-06-23 00:00,77,151,238.60001,564.78003,9,11,2013-06-01 12:00,5.0999999,2013
7,1008.4,1008.8,1013.1,2013-07-08 08:05,995.09998,2013-07-13 01:13,29.700001,35.700001,2013-07-01 12:03,24.6,2013-07-14 08:59,24.799999,2.3,180,18.4,330,2013-07-12 16:18,,31,12,,2013-07-09 16:07,,2013-07-14 07:53,84.5,2013-07-14 00:00,75,169.60001,248.10001,576.32001,9,11,2013-07-01 13:00,5.4000001,2013
8,1006.1,1006.5,1014.4,2013-08-03 21:40,988.90002,2013-08-21 14:43,29,34.299999,2013-08-13 13:17,23.200001,2013-08-29 19:42,25.299999,2.4000001,320,19.5,320,2013-08-31 04:01,,132.60001,17,,2013-08-31 08:20,,2013-08-29 03:07,293,2013-08-29 00:00,81,117.6,185,435.92001,7,11,2013-08-16 12:00,6.1999998,2013
9,1007.5,1007.9,1013.7,2013-09-07 21:57,983.70001,2013-09-21 16:16,28.6,32.599998,2013-09-16 14:02,22.799999,2013-09-02 06:03,24,2,290,20.299999,160,2013-09-22 03:41,,31.200001,7,,2013-09-12 16:34,,2013-09-22 03:09,35,2013-09-22 00:00,77,127,219.89999,535.71997,7,10,2013-09-13 13:00,4.6999998,2013
10,1011.3,1011.7,1019.5,2013-10-28 08:24,998.70001,2013-10-06 15:12,26.6,31.5,2013-10-01 12:18,20.6,2013-10-27 03:36,20.5,2,270,21.6,340,2013-10-06 16:10,,3.0999999,2,,2013-10-10 17:22,,2013-10-10 17:15,22.5,2013-10-10 00:00,69,135.10001,243.3,517.71997,6,7,2013-10-01 12:00,3.5,2013
11,1015.7,1016.1,1023.1,2013-11-29 08:25,1009.9,2013-11-01 15:02,24.299999,30.200001,2013-11-03 10:08,14.7,2013-11-30 04:38,18.5,1.9,350,13.1,340,2013-11-25 01:37,,4.5,2,,2013-11-25 01:09,,2013-11-25 01:06,14,2013-11-25 00:00,71,90.400002,128.3,350.10001,4,5,2013-11-08 12:00,5.5,2013
12,1016.5,1016.9,1022.8,2013-12-22 09:06,1007.9,2013-12-17 14:01,19.9,28.9,2013-12-09 11:55,12,2013-12-28 05:44,13.5,2.3,350,17.799999,10,2013-12-17 21:32,,18.1,5,,2013-12-16 21:45,,2013-12-16 21:25,20.5,2013-12-16 00:00,67,82.5,139.10001,331.79001,4,5,2013-12-02 12:00,5.5999999,2013
1,1019,1019.4,1025.5,2014-01-18 21:55,1010.9,2014-01-03 15:14,19.5,28.299999,2014-01-03 13:24,11.1,2014-01-22 05:19,12.3,2.0999999,350,10.5,340,2014-01-08 16:24,0,0,0,0,2014-01-31 00:00,0,2014-01-31 00:00,0,2014-01-31 00:00,64,98.400002,254.8,449.63,4,5,2014-01-25 13:00,1.9,2014
2,1015.8,1016.2,1025.7,2014-02-21 08:56,1007,2014-02-07 16:57,20.299999,28.5,2014-02-06 13:03,11.3,2014-02-11 06:01,14.5,2.2,310,13.6,340,2014-02-19 13:14,16,11,5,3.5,2014-02-10 06:08,4.5,2014-02-10 06:08,12.5,2014-02-10 00:00,70,87.599998,184.60001,376.82999,5,7,2014-02-18 13:00,4.1999998,2014
3,1016.2,1016.6,1022.8,2014-03-16 09:10,1006.5,2014-03-31 16:28,22.6,30.6,2014-03-27 11:52,16.799999,2014-03-09 06:27,17.299999,2,310,25.200001,310,2014-03-31 03:10,67,8.6000004,2,21.5,2014-03-31 16:37,30,2014-03-31 16:35,66.5,2014-03-31 00:00,72,117.5,190.39999,463.19,5,8,2014-03-26 12:00,5.5999999,2014
4,1012.5,1012.9,1018.4,2014-04-06 08:25,1007.4,2014-04-01 17:35,25.9,31.700001,2014-04-25 12:36,20.200001,2014-04-05 05:17,20.700001,2.0999999,310,14.5,340,2014-04-02 13:12,27,11.2,4,3,2014-04-15 22:31,10.5,2014-04-15 22:04,12,2014-04-15 00:00,74,128.5,197.8,521.51001,6,9,2014-04-27 12:00,5.3000002,2014
5,1010.2,1010.5,1016.3,2014-05-06 10:05,1005.3,2014-05-27 17:30,27.799999,32.900002,2014-05-24 11:03,21.9,2014-05-06 20:48,23.700001,1.7,310,14.1,290,2014-05-20 17:22,198.5,36.400002,13,16.5,2014-05-19 13:41,30.5,2014-05-19 12:52,45,2014-05-20 00:00,78,128.2,192.60001,543.69,7,10,2014-05-14 12:00,6,2014
6,1004.8,1005.1,1010.6,2014-06-30 23:27,996.79999,2014-06-10 16:29,29.200001,33.599998,2014-06-01 13:04,25,2014-06-07 14:29,25.6,2.2,170,15.7,270,2014-06-07 14:14,235,46.099998,19,20.5,2014-06-15 11:28,77,2014-06-15 10:44,103,2014-06-15 00:00,81,131.2,199.39999,545.27002,9,13,2014-06-23 13:00,5.9000001,2014
7,1005.3,1005.6,1011.7,2014-07-26 22:49,987.70001,2014-07-23 00:21,30.299999,34.799999,2014-07-05 10:43,25.700001,2014-07-19 17:34,26,2.5999999,310,23.5,170,2014-07-23 12:43,309.5,30.1,9,22,2014-07-18 16:07,55,2014-07-18 15:36,118.5,2014-07-23 00:00,78,166.2,256.79999,618.72998,10,13,2014-07-11 12:00,5,2014
8,1007.5,1007.8,1014.3,2014-08-28 21:45,998.20001,2014-08-01 02:06,29.1,34.099998,2014-08-18 13:46,24.799999,2014-08-13 08:24,25,2.2,310,14.8,200,2014-08-18 14:28,902,85.599998,18,23.5,2014-08-08 02:55,94,2014-08-08 02:49,261.5,2014-08-08 00:00,79,132.5,209.2,540.25,9,12,2014-08-05 13:00,5.8000002,2014
9,1008,1008.4,1013.6,2014-09-27 08:26,991.20001,2014-09-21 11:30,29.5,37.599998,2014-09-15 11:49,24.6,2014-09-21 03:25,25.1,2.0999999,310,19.700001,330,2014-09-21 12:54,172,34.099998,10,10,2014-09-23 00:47,16.5,2014-09-21 07:18,109.5,2014-09-21 00:00,78,153.3,222,524.82001,8,10,2014-09-01 12:00,4.8000002,2014
10,1012.6,1013,1018.5,2014-10-16 09:00,1003.3,2014-10-10 14:47,27.200001,33,2014-10-11 12:42,22.5,2014-10-16 04:53,21.1,1.9,310,10.8,320,2014-10-12 14:08,0,0,0,0,2014-10-31 00:00,0,2014-10-31 00:00,0,2014-10-31 00:00,70,142.2,268.60001,538.21002,6,8,2014-10-08 12:00,2.8,2014
11,1015.1,1015.5,1019.9,2014-11-19 08:39,1009.6,2014-11-01 14:03,25.200001,32.200001,2014-11-02 11:45,20.1,2014-11-20 04:57,19.700001,1.8,310,8.8999996,320,2014-11-08 14:44,1.5,1.1,1,1,2014-11-17 04:53,1.5,2014-11-17 04:15,1.5,2014-11-17 00:00,72,103.5,208,402.82999,5,7,2014-11-04 12:00,4.1999998,2014
12,1018.9,1019.3,1025.8,2014-12-18 08:25,1011.2,2014-12-01 13:56,20.200001,28.6,2014-12-01 10:15,13.6,2014-12-22 06:03,14.1,2.0999999,350,14.3,340,2014-12-04 11:02,13.5,11,7,5.5,2014-12-04 05:42,6,2014-12-04 05:40,6,2014-12-04 00:00,68,78.699997,110.2,289.54001,4,6,2014-12-24 13:00,6.9000001,2014
1,1019,1019.4,1024.8,2015-01-02 09:56,1011.9,2015-01-06 13:54,19.9,27.4,2015-01-05 13:34,14.1,2015-01-02 06:50,13.4,2.0999999,350,12.9,20,2015-01-14 12:26,6,3.5999999,2,1,2015-01-27 02:35,2.5,2015-01-27 02:30,5,2015-01-27 00:00,66,101,199.8,408.60001,5,6,2015-01-30 13:00,5,2015
2,1017.9,1018.3,1025.3,2015-02-02 09:14,1010.6,2015-02-24 15:29,20.799999,29.4,2015-02-26 12:43,12.3,2015-02-10 05:02,14.8,2.2,310,12.4,340,2015-02-12 09:04,38,4.6999998,3,11.5,2015-02-22 00:07,23.5,2015-02-22 00:01,23.5,2015-02-22 00:00,69,93.5,194.8,419.95001,6,8,2015-02-23 13:00,4.0999999,2015
3,1016.6,1017,1023.9,2015-03-25 21:59,1009.3,2015-03-03 15:15,23.6,29.700001,2015-03-27 13:16,17,2015-03-11 06:00,18.299999,2.2,310,12.2,320,2015-03-23 13:50,0,0,0,0,2015-03-31 00:00,0,2015-03-31 00:00,0,2015-03-31 00:00,72,122.2,204.60001,498.59,6,8,2015-03-03 12:00,5.1999998,2015
4,1013.4,1013.8,1018.7,2015-04-11 20:00,1007.4,2015-04-03 03:18,26.200001,31.799999,2015-04-05 13:43,18.5,2015-04-15 04:40,20.200001,2.4000001,310,14.1,310,2015-04-14 12:56,7,4.3000002,4,1,2015-04-06 07:39,2.5,2015-04-06 07:12,3.5,2015-04-06 00:00,70,156.10001,259.70001,622.02002,7,9,2015-04-04 13:00,3.9000001,2015
5,1009.6,1009.9,1014.7,2015-05-15 09:35,1005.2,2015-05-28 16:13,28.299999,33.599998,2015-05-10 12:03,24.700001,2015-05-26 10:02,23.9,2,280,13.2,280,2015-05-25 03:47,300.5,75.300003,11,9.5,2015-05-31 15:11,22.5,2015-05-23 14:50,62,2015-05-25 00:00,77,130.60001,213.60001,561.79999,8,12,2015-05-28 13:00,5.4000001,2015
6,1008.4,1008.7,1011.9,2015-06-28 08:28,1004.1,2015-06-17 16:34,30.6,34.700001,2015-06-22 12:22,25.9,2015-06-01 05:21,25.6,2.3,280,12.2,180,2015-06-23 08:12,10,1.6,2,5.5,2015-06-23 14:08,6,2015-06-23 14:05,8,2015-06-23 00:00,75,187.7,328.70001,728.21997,10,11,2015-06-03 12:00,4.4000001,2015
7,1005.2,1005.5,1013.9,2015-07-28 21:22,993.90002,2015-07-10 15:24,29.5,34.700001,2015-07-05 12:57,25,2015-07-22 19:31,25.200001,2.5,150,17.6,140,2015-07-08 21:01,200,50.799999,15,13,2015-07-22 18:42,34.5,2015-07-22 18:40,39,2015-07-08 00:00,78,151,218.7,587.78998,8,10,2015-07-21 12:00,6,2015
8,1005.7,1006,1012.4,2015-08-02 07:35,979.5,2015-08-08 05:55,28.799999,34.099998,2015-08-24 15:03,23.799999,2015-08-29 03:27,24.9,2.3,310,31,270,2015-08-08 07:38,548,90.099998,17,15,2015-08-29 13:01,32.5,2015-08-09 02:11,162.5,2015-08-08 00:00,80,122.4,175,488.82999,7,11,2015-08-21 12:00,6.1999998,2015
9,1009.3,1009.6,1015.2,2015-09-17 21:49,993.29999,2015-09-28 18:35,28.799999,33.5,2015-09-03 13:11,24.5,2015-09-01 05:27,24.1,2.3,310,22.1,270,2015-09-28 23:08,140.5,20.799999,6,16.5,2015-09-07 07:38,44.5,2015-09-07 07:20,77.5,2015-09-07 00:00,76,137.10001,208.7,512.10999,7,11,2015-09-02 12:00,5.0999999,2015
10,1012.7,1013.1,1020.2,2015-10-31 09:28,1002,2015-10-19 15:48,27.700001,32.5,2015-10-01 09:48,23.799999,2015-10-17 05:24,23,1.8,310,8.8999996,20,2015-10-30 18:11,25.5,21.5,4,6.5,2015-10-09 05:27,9,2015-10-09 05:15,11.5,2015-10-20 00:00,76,116.4,193.2,453.89001,6,9,2015-10-08 12:00,5.5,2015
11,1016,1016.4,1023.2,2015-11-28 09:21,1011.6,2015-11-25 14:47,26.200001,32.900002,2015-11-09 12:06,17.4,2015-11-27 05:04,21.1,1.8,310,9.3000002,350,2015-11-26 05:37,41,2.7,2,9,2015-11-20 19:31,32.5,2015-11-20 18:42,39.5,2015-11-20 00:00,74,97.099998,198.60001,384.72,5,7,2015-11-06 12:00,4.0999999,2015
12,1018.1,1018.5,1025.4,2015-12-29 09:24,1010.2,2015-12-10 02:45,22.4,29.700001,2015-12-24 11:10,13.9,2015-12-17 05:15,16.9,2.0999999,350,9.6999998,30,2015-12-10 10:54,27.5,8.8999996,3,4,2015-12-10 06:06,11.5,2015-12-10 00:43,26,2015-12-10 00:00,71,85,195.7,372.07001,4,6,2015-12-23 13:00,4.3000002,2015
1,1018.3,1018.7,1031.1,2016-01-24 20:33,1006.8,2016-01-17 14:39,19.299999,27.700001,2016-01-06 14:44,7,2016-01-25 00:41,15,2.3,350,16,340,2016-01-24 05:41,179.5,80.800003,12,10,2016-01-17 12:20,28.5,2016-01-17 11:51,78.5,2016-01-17 00:00,76,48.799999,120.9,281.51001,4,6,2016-01-31 13:00,6.8000002,2016
2,1019.6,1020,1027.4,2016-02-25 08:14,1012.1,2016-02-13 14:44,19.6,29.200001,2016-02-14 12:31,10.1,2016-02-07 06:12,13.9,2.3,350,12.4,10,2016-02-06 21:38,24.5,10.3,4,6,2016-02-12 06:17,17,2016-02-12 05:30,20,2016-02-12 00:00,70,92,164.60001,387.89999,6,8,2016-02-28 13:00,5.4000001,2016
3,1016.4,1016.8,1024.4,2016-03-01 09:32,1009.6,2016-03-08 15:11,21.6,29.700001,2016-03-19 12:33,12.8,2016-03-26 05:53,16.6,1.9,10,11.8,340,2016-03-27 09:05,79,54.900002,11,6,2016-03-23 18:07,14,2016-03-23 17:28,29.5,2016-03-24 00:00,74,87.099998,159.10001,405.14999,6,9,2016-03-26 13:00,5.9000001,2016
4,1011.8,1012.2,1018.6,2016-04-19 09:37,1005.5,2016-04-13 12:32,26.9,33,2016-04-18 13:59,21.799999,2016-04-19 01:31,22.4,1.9,170,18.4,260,2016-04-13 13:58,182.5,40.799999,8,10,2016-04-14 21:43,20.5,2016-04-14 21:36,49,2016-04-14 00:00,77,131,222.10001,544.62,8,10,2016-04-22 13:00,4.6999998,2016
5,1009.9,1010.3,1014.9,2016-05-14 09:19,1005.3,2016-05-24 15:51,28.9,33.599998,2016-05-27 12:17,24.799999,2016-05-11 15:28,24.200001,2.0999999,170,11,180,2016-05-09 09:48,97.5,27.200001,7,11.5,2016-05-22 18:02,33,2016-05-22 18:02,44,2016-05-22 00:00,76,142.60001,246.5,605.08002,9,11,2016-05-30 12:00,5.4000001,2016
6,1008.8,1009.2,1014.6,2016-06-29 22:02,1004.8,2016-06-08 15:54,29.700001,34.799999,2016-06-27 14:14,24.6,2016-06-11 11:00,25.6,2.2,180,13.4,190,2016-06-29 11:47,383,55.700001,13,16.5,2016-06-10 03:38,37.5,2016-06-11 01:12,139.5,2016-06-11 00:00,79,149.8,255.8,625.84998,10,12,2016-06-24 13:00,5.5,2016
7,1007.1,1007.5,1012.5,2016-07-21 07:39,978.70001,2016-07-08 07:41,30.200001,35.099998,2016-07-04 12:47,25.4,2016-07-10 18:02,25.6,2.5,180,34.299999,340,2016-07-08 07:43,315,49,10,13.5,2016-07-08 09:43,65,2016-07-08 09:12,162,2016-07-08 00:00,77,156.39999,252.2,652.90997,9,12,2016-07-13 13:00,5.0999999,2016
8,1003.8,1004.1,1010.6,2016-08-03 21:45,998.70001,2016-08-01 06:06,29.4,34.200001,2016-08-02 11:44,24.799999,2016-08-30 04:56,25.299999,2.3,320,16.6,170,2016-08-01 14:31,427,62,16,23,2016-08-12 00:43,69,2016-08-12 00:39,110,2016-08-12 00:00,79,130.60001,206.60001,578.82001,9,11,2016-08-02 12:00,6.4000001,2016
9,1006.1,1006.4,1014.2,2016-09-21 21:26,976.40002,2016-09-14 12:46,28.4,33.900002,2016-09-12 11:08,23.4,2016-09-15 06:11,24.700001,2.5999999,320,39.099998,100,2016-09-14 12:23,1098,124.5,15,20,2016-09-15 05:52,77.5,2016-09-15 04:18,262.5,2016-09-02 00:00,81,103.3,172.2,458.26999,7,11,2016-09-11 12:00,6.9000001,2016
10,1010,1010.4,1018.7,2016-10-30 08:53,1000,2016-10-20 15:25,28.4,33,2016-10-21 10:50,24,2016-10-10 07:23,24.299999,2,320,18.6,140,2016-10-21 01:35,259.5,61.200001,13,12.5,2016-10-09 01:54,41.5,2016-10-09 01:24,74,2016-10-08 00:00,79,109.7,185.39999,453,6,9,2016-10-04 12:00,5.5,2016
11,1015.1,1015.5,1021.2,2016-11-29 10:04,1010.4,2016-11-21 14:14,25.700001,31.9,2016-11-19 10:41,19.700001,2016-11-27 11:08,20.299999,1.8,350,14.4,30,2016-11-27 12:18,57,19,3,3,2016-11-27 09:31,7.5,2016-11-27 08:58,55,2016-11-27 00:00,72,88.300003,163.3,363.54001,5,6,2016-11-05 12:00,5.1999998,2016
12,1017.1,1017.5,1023.5,2016-12-17 09:23,1010.4,2016-12-09 14:02,22.9,30,2016-12-05 13:53,16.200001,2016-12-16 07:05,17.200001,2,360,9.6000004,350,2016-12-27 14:51,1,3.5,2,.5,2016-12-29 01:46,.5,2016-12-29 01:30,.5,2016-12-29 00:00,71,84.900002,180.39999,380.14001,4,5,2016-12-01 12:00,4.9000001,2016
1,1018.1,1018.5,1025.3,2017-01-24 09:30,1009.5,2017-01-08 14:33,21.700001,28.5,2017-01-08 12:23,14.7,2017-01-26 06:34,15.8,2,350,9.8000002,300,2017-01-27 12:33,0,0,0,0,2017-01-31 00:00,0,2017-01-31 00:00,0,2017-01-31 00:00,70,93.5,205.10001,434.37,5,6,2017-01-30 13:00,4.5,2017
2,1018.5,1018.9,1028.3,2017-02-14 09:07,1009.6,2017-02-05 15:31,21.1,29.799999,2017-02-22 12:43,13.8,2017-02-10 01:30,14.7,2.2,360,11.8,20,2017-02-09 05:46,0,0,0,0,2017-02-28 00:00,0,2017-02-28 00:00,0,2017-02-28 00:00,67,84.400002,166.10001,423.23001,5,7,2017-02-26 13:00,5.4000001,2017
3,1015.3,1015.7,1023.2,2017-03-27 10:40,1008.9,2017-03-13 14:39,23.5,33,2017-03-23 13:25,17.5,2017-03-03 03:36,17.4,2.0999999,360,12.2,350,2017-03-31 23:45,3.5,8.1000004,3,.5,2017-03-16 00:10,2,2017-03-16 03:28,2.5,2017-03-16 00:00,69,115.2,200.5,520.29999,6,9,2017-03-22 12:00,5.5,2017
4,1012.7,1013.1,1022.3,2017-04-03 09:42,1006.6,2017-04-10 16:19,25.6,32.700001,2017-04-16 13:12,16.6,2017-04-01 04:31,19.799999,1.9,190,16.200001,350,2017-04-01 01:15,113.5,27.700001,6,10,2017-04-12 05:28,30.5,2017-04-12 05:08,52,2017-04-12 00:00,71,142.3,209.10001,576.38,8,10,2017-04-20 13:00,5.6999998,2017
5,1009.8,1010.2,1016.1,2017-05-06 08:27,1003.7,2017-05-31 17:53,28.200001,33.5,2017-05-12 13:04,22.799999,2017-05-01 04:28,23.1,2,320,10.6,170,2017-05-12 06:59,129,34,8,14.5,2017-05-25 19:50,34.5,2017-05-25 19:37,73.5,2017-05-25 00:00,74,131.7,209.60001,616.58002,9,13,2017-05-31 13:00,6.0999999,2017
6,1008.4,1008.7,1011.9,2017-06-07 22:45,1003.3,2017-06-01 17:37,29.700001,34.299999,2017-06-12 14:13,24.9,2017-06-29 16:58,25.200001,2.0999999,170,25.6,60,2017-06-29 16:51,256,41.299999,14,28.5,2017-06-29 16:47,60.5,2017-06-29 16:30,77,2017-06-04 00:00,77,156.2,226.8,606.37,11,14,2017-06-05 12:00,6.5,2017
7,1007.8,1008.1,1013.8,2017-07-07 22:17,985.5,2017-07-30 16:54,30.4,35.599998,2017-07-04 13:18,24.299999,2017-07-31 05:15,24.6,2.5999999,60,24.799999,240,2017-07-31 05:13,285,30.9,7,17,2017-07-31 05:12,56.5,2017-07-30 23:00,124,2017-07-31 00:00,71,176.60001,241.89999,650.54999,10,13,2017-07-04 13:00,6.1999998,2017
8,1007.1,1007.4,1013.7,2017-08-27 22:17,994.20001,2017-08-22 02:30,30.1,34.700001,2017-08-19 11:24,24.9,2017-08-02 06:04,25.1,2.0999999,320,18.6,150,2017-08-22 14:03,211,36.5,13,12.5,2017-08-02 01:33,51.5,2017-08-02 02:09,120.5,2017-08-02 00:00,75,152.7,222,590.48999,9,12,2017-08-10 13:00,5.3000002,2017
9,1009,1009.3,1014.7,2017-09-29 21:40,1001,2017-09-01 05:21,30.200001,35.099998,2017-09-24 13:28,25.299999,2017-09-01 07:16,25,2.2,310,12.9,140,2017-09-06 15:24,32.5,22,8,4,2017-09-07 04:51,5.5,2017-09-07 04:45,16,2017-09-01 00:00,74,138.60001,235.89999,571.16998,8,11,2017-09-24 13:00,4.6999998,2017
10,1010.5,1010.9,1019.3,2017-10-30 08:30,999.59998,2017-10-14 04:22,28,34.5,2017-10-09 11:01,21.299999,2017-10-31 05:48,22.6,2,290,11.1,350,2017-10-21 11:29,82.5,31,7,4.5,2017-10-15 01:00,20,2017-10-15 00:56,31,2017-10-14 00:00,73,118.4,213.2,488.75,7,10,2017-10-06 13:00,4.8000002,2017
11,1014.4,1014.8,1021.1,2017-11-24 09:18,1008,2017-11-18 13:46,25.5,32.099998,2017-11-18 11:58,19.6,2017-11-25 05:59,20.4,2,360,10.3,360,2017-11-18 10:25,11,11.5,4,3,2017-11-12 00:29,6,2017-11-12 00:18,7,2017-11-12 00:00,74,94.599998,164.60001,379.91,6,8,2017-11-08 12:00,4.9000001,2017
12,1017.6,1018,1024.8,2017-12-20 09:40,1011.7,2017-12-03 15:18,21.4,29.4,2017-12-03 13:03,15.5,2017-12-09 02:44,15.4,2.4000001,350,11.8,350,2017-12-24 12:41,.5,.80000001,1,.5,2017-12-20 03:05,.5,2017-12-20 02:40,.5,2017-12-20 00:00,69,84.099998,142.5,338.45999,5,6,2017-12-13 13:00,6.3000002,2017
1,1016.3,1016.7,1026,2018-01-13 09:42,1009,2018-01-22 14:42,20.4,29.299999,2018-01-28 13:25,10.4,2018-01-13 06:49,15.1,2.3,360,16.6,360,2018-01-09 04:53,23.5,33.099998,7,1.5,2018-01-05 03:25,5.5,2018-01-05 03:23,11.5,2018-01-05 00:00,72,75.699997,149,368.06,6,7,2018-01-26 13:00,6,2018
2,1017.5,1017.9,1025.6,2018-02-12 09:29,1010.8,2018-02-21 15:13,19.799999,31.200001,2018-02-15 13:04,10.2,2018-02-06 06:29,13.4,2.5,360,13.6,360,2018-02-02 18:24,4.5,9.1999998,2,.5,2018-02-11 02:03,1,2018-02-11 03:49,3.5,2018-02-11 00:00,67,89,136.8,370.29999,7,10,2018-02-15 13:00,6.4000001,2018
3,1015,1015.4,1022,2018-03-11 08:11,1008.5,2018-03-20 15:54,23.5,31,2018-03-05 10:37,12.8,2018-03-09 02:23,16.299999,2.3,310,14.9,360,2018-03-21 00:29,57,11.8,5,11.5,2018-03-20 07:12,19,2018-03-15 18:20,34,2018-03-15 00:00,65,136,255.7,585.89001,8,11,2018-03-05 13:00,3.7,2018
4,1013.2,1013.6,1021.7,2018-04-07 09:06,1007.1,2018-04-23 14:56,26.299999,33.200001,2018-04-23 13:38,17.4,2018-04-07 01:15,19.5,2.2,310,12,150,2018-04-23 11:46,9.5,3.8,4,2.5,2018-04-25 08:10,7,2018-04-25 08:08,7.5,2018-04-25 00:00,67,147.2,219.89999,590.07001,10,12,2018-04-12 12:00,5.3000002,2018
5,1010.7,1011.1,1017.5,2018-05-05 08:26,1006.2,2018-05-25 16:25,29.1,33.700001,2018-05-29 14:21,23.200001,2018-05-09 06:31,23.4,2.0999999,290,10.4,320,2018-05-26 15:23,58.700001,9.8999996,4,10,2018-05-08 07:01,23,2018-05-08 06:57,45.5,2018-05-08 00:00,72,170.89999,289.29999,718.07001,11,13,2018-05-06 12:00,4.1999998,2018
6,1005.5,1005.9,1012,2018-06-25 22:19,990.70001,2018-06-14 19:02,29.1,34.200001,2018-06-08 13:37,24.5,2018-06-20 02:35,24.299999,2.2,160,18.799999,180,2018-06-14 20:31,835,95.699997,14,16.5,2018-06-21 00:56,53.5,2018-06-15 05:16,193.5,2018-06-20 00:00,75,127.1,200.8,535.82001,10,13,2018-06-28 13:00,6.0999999,2018
7,1004.6,1005,1008.7,2018-07-27 21:54,998.5,2018-07-11 05:16,29.200001,33.900002,2018-07-18 12:17,24.299999,2018-07-03 05:24,24.4,2,300,11.5,360,2018-07-10 21:58,410,56.799999,14,19,2018-07-19 19:46,63,2018-07-19 19:20,92,2018-07-03 00:00,76,151.7,208.60001,560.38,10,13,2018-07-15 13:00,6.1999998,2018
8,1003.2,1003.6,1012.9,2018-08-31 09:08,992.79999,2018-08-23 06:32,28,34.099998,2018-08-16 12:53,23,2018-08-23 20:37,23.9,2.2,160,19.299999,200,2018-08-23 10:21,1600.5,199.5,26,28.5,2018-08-23 10:03,109,2018-08-23 09:54,314.5,2018-08-28 00:00,79,82.400002,127.7,388.12,7,13,2018-08-20 12:00,7.4000001,2018
9,1007.8,1008.1,1015.3,2018-09-17 22:46,997.09998,2018-09-15 16:11,29.1,33.700001,2018-09-17 12:19,25.200001,2018-09-29 05:50,23.799999,2.2,310,16.1,360,2018-09-29 05:50,66,20,10,7,2018-09-07 18:10,17,2018-09-06 15:42,21.5,2018-09-06 00:00,74,148.8,214,531.81,9,12,2018-09-03 12:00,5,2018
10,1013.3,1013.7,1019.5,2018-10-20 08:49,1005.8,2018-10-04 15:07,26.799999,31.200001,2018-10-04 13:02,21,2018-10-29 05:44,20.700001,2.0999999,310,17.9,350,2018-10-05 04:46,1.5,1.4,2,.5,2018-10-31 15:08,1,2018-10-10 00:01,1,2018-10-10 00:00,70,140.89999,222.8,499.32999,7,9,2018-10-05 12:00,3.9000001,2018
11,1015.8,1016.2,1021.2,2018-11-30 09:25,1009.9,2018-11-01 04:01,25.6,32.099998,2018-11-19 13:34,20.799999,2018-11-24 05:39,20.299999,2,310,13,350,2018-11-25 22:32,2,1.1,2,1.5,2018-11-02 07:05,1.5,2018-11-02 07:05,1.5,2018-11-02 00:00,73,119.1,177.5,369.22,6,7,2018-11-03 12:00,4.9000001,2018
12,1017.4,1017.8,1024.5,2018-12-31 09:35,1009.2,2018-12-26 14:47,23.4,32.400002,2018-12-04 13:23,16,2018-12-29 06:52,17.5,2.2,350,9.8999996,360,2018-12-27 04:43,0,0,0,0,2019-01-09 00:00,0,2019-01-09 00:00,0,2019-01-09 00:00,70,111,200.39999,369.64001,5,7,2018-12-26 13:00,4,2018
